Location,Date,length,G1,G10,G100,G101,G102,G11,G12,G124,G125,G126,G128,G13,G130,G131,G139,G14,G140,G142,G145,G150,G151,G152,G153,G154,G156,G158,G159,G16,G161,G162,G165,G172,G174,G175,G176,G177,G178,G179,G18,G180,G182,G186,G188,G19,G191,G195,G198,G199,G200,G202,G203,G204,G21,G211,G22,G23,G24,G25,G26,G27,G28,G29,G3,G30,G31,G32,G33,G34,G35,G4,G40,G41,G49,G5,G50,G52,G54,G56,G57,G58,G59,G60,G62,G65,G66,G67,G68,G69,G7,G71,G73,G79,G8,G80,G82,G83,G84,G85,G87,G88,G89,G9,G90,G92,G95,G96,G97,G98,G99,Total
Antelope,2017-05-17,60.96,1,0,1,0,0,0,1,3,0,3,1,0,0,0,3,0,3,0,3,0,0,0,0,0,20,0,0,0,7,0,0,0,1,4,2,0,0,1,0,0,0,0,0,1,0,1,3,4,5,0,0,2,3,0,0,2,0,5,0,1,0,0,29,73,0,6,11,1,26,0,3,0,1,24,0,0,0,0,0,0,0,0,0,0,1,0,2,0,9,0,0,2,0,0,23,0,2,0,0,2,3,1,0,0,0,0,0,0,0,300
Arcade Creek,2017-04-29,40,0,1,0,3,0,0,0,5,0,2,1,0,0,0,1,0,25,1,1,0,0,0,0,0,5,0,0,0,0,0,17,0,0,15,2,2,2,0,0,0,0,0,2,0,2,3,10,0,174,0,1,1,3,0,0,2,2,9,2,18,0,0,17,22,0,4,0,1,6,6,3,3,1,3,7,0,0,0,0,0,0,0,0,0,0,3,0,0,6,1,1,18,1,3,0,0,0,0,1,4,0,2,0,0,1,1,1,0,0,428
Cordova Creek,2015-11-28,26.82,0,1,0,1,0,0,1,3,0,3,0,0,0,0,0,1,0,0,1,0,0,3,0,0,2,0,0,0,0,0,0,0,1,1,0,3,3,0,0,0,2,1,0,0,1,0,2,1,1,0,0,0,3,0,0,3,0,4,2,2,1,0,4,21,0,3,4,1,6,1,0,0,1,2,3,0,0,0,0,0,21,0,0,0,1,1,0,0,3,0,0,3,14,0,26,0,0,0,0,0,0,0,0,1,0,0,0,1,0,164
Cordova Creek,2015-12-02,26.82,0,0,0,2,1,0,0,4,0,1,0,0,0,0,0,0,0,2,3,0,0,0,1,0,6,0,0,0,0,0,0,1,0,0,0,3,2,0,0,0,4,0,0,0,1,0,1,1,2,0,1,0,1,0,0,2,0,0,0,2,1,0,4,8,1,1,1,0,2,3,0,0,0,1,0,0,0,0,0,0,1,0,0,0,0,0,0,0,1,1,0,5,1,0,5,0,0,0,0,0,0,0,0,0,0,0,0,1,0,78
Cordova Creek,2015-12-08,26.82,0,1,0,7,2,0,1,2,1,0,0,0,0,0,2,0,0,1,4,0,0,1,1,0,4,1,0,0,4,0,0,4,0,3,0,3,1,0,0,0,2,0,1,0,0,0,0,0,0,0,1,0,2,1,0,4,0,0,1,2,1,0,6,22,0,1,2,1,1,3,0,0,0,6,1,0,0,1,0,0,1,0,0,0,0,0,0,0,6,4,0,10,1,0,9,1,0,0,0,0,0,0,0,0,0,1,0,1,0,136
Cordova Creek,2015-12-13,26.82,0,0,0,2,1,0,1,6,0,1,2,0,0,0,0,0,0,0,5,0,0,1,0,0,4,1,0,1,3,0,0,1,2,1,0,4,1,0,0,0,3,0,0,0,0,0,1,0,1,1,0,1,3,0,0,0,0,3,0,7,0,0,18,29,1,1,1,0,4,3,2,0,0,1,0,0,0,0,0,0,2,0,0,0,0,0,0,0,5,0,0,6,1,2,18,0,0,0,0,0,0,0,0,0,0,0,0,0,0,151
Cordova Creek,2016-01-06,26.82,0,6,1,1,1,0,0,4,1,3,0,0,0,0,1,0,0,1,1,0,0,1,5,0,12,2,0,0,1,0,0,10,0,0,0,7,5,0,0,0,1,1,0,1,0,0,2,0,1,0,0,0,3,0,0,0,0,2,0,14,1,0,21,46,0,8,7,1,4,4,0,0,0,21,1,0,0,1,0,0,3,0,0,0,3,1,0,0,9,2,0,24,1,0,75,13,0,0,5,0,2,0,0,0,0,0,0,1,0,342
Cordova Creek,2016-01-13,26.82,0,3,0,4,0,0,0,15,2,6,0,0,0,0,1,0,0,2,4,1,1,5,23,0,8,2,1,0,2,0,0,1,0,3,0,3,12,0,0,0,1,0,0,0,0,0,3,3,3,0,4,1,12,0,1,8,0,0,0,5,0,0,24,41,1,6,10,2,13,3,1,1,0,3,2,0,0,0,0,0,2,0,0,0,1,1,0,0,6,1,0,14,3,6,14,1,0,0,0,0,0,0,0,0,0,0,0,1,0,297
Cordova Creek,2016-01-20,26.82,0,2,0,5,0,0,0,4,0,3,0,0,0,0,0,0,0,1,1,0,0,5,20,0,16,4,0,0,4,0,0,0,0,5,0,4,16,0,0,0,2,0,0,0,0,0,0,0,0,0,1,0,4,0,0,4,0,9,0,29,2,0,28,86,5,4,6,1,22,4,0,0,0,28,2,0,0,0,0,0,2,0,0,0,0,0,0,0,3,1,0,22,1,5,109,25,0,2,0,0,1,0,0,0,1,0,0,0,1,500
Cordova Creek,2016-01-27,26.82,0,2,0,1,0,0,0,3,0,1,0,0,0,0,0,0,0,2,1,0,0,0,3,0,3,1,1,0,6,0,0,6,0,0,0,4,5,0,0,0,0,0,0,0,0,0,0,0,1,0,0,0,3,0,0,2,1,5,0,4,0,0,8,16,0,1,3,0,2,1,0,0,0,4,2,0,0,1,0,0,4,0,0,0,0,0,0,0,4,0,1,10,0,1,36,0,0,0,0,0,0,0,0,0,0,0,0,2,0,151
Cordova Creek,2016-02-03,26.82,0,0,0,1,0,0,0,5,1,1,0,0,0,0,0,0,0,2,5,0,0,2,0,0,8,1,0,0,6,0,0,5,0,0,0,1,3,0,0,0,1,0,0,0,0,0,0,0,1,0,0,0,2,0,0,1,1,3,1,0,0,0,2,47,0,2,3,0,2,1,0,0,0,2,2,1,0,0,0,0,0,0,0,0,0,0,0,0,3,0,0,6,1,0,12,0,0,0,0,0,1,0,0,0,0,0,0,1,0,137
Cordova Creek,2016-02-10,26.82,0,4,1,1,0,0,1,2,0,0,0,0,0,0,0,0,0,0,3,0,0,2,4,0,2,0,0,0,1,0,0,1,0,0,1,1,0,0,0,0,1,0,0,0,0,0,0,0,0,0,0,1,2,0,0,0,0,2,1,5,0,0,4,8,0,1,4,0,1,1,1,0,0,2,0,0,0,0,0,0,0,0,0,0,1,0,0,0,0,0,0,5,1,3,14,0,0,4,0,0,0,0,0,0,0,0,0,2,3,91
Cordova Creek,2016-02-17,26.82,0,8,2,0,0,0,0,0,0,1,0,0,0,0,0,0,0,0,1,0,0,0,1,0,0,0,0,0,0,0,0,0,0,1,0,0,0,0,0,0,1,0,0,0,0,0,0,0,3,0,0,0,5,0,0,0,5,1,0,4,0,0,0,7,0,1,5,0,0,3,0,0,0,7,0,0,0,0,0,0,0,0,0,0,0,1,0,0,5,0,0,1,1,0,1,0,0,0,0,0,0,0,0,0,0,3,0,0,0,68
Cordova Creek,2016-02-24,26.82,0,1,2,0,0,0,0,0,0,0,0,0,0,0,0,0,0,0,1,0,0,0,0,0,0,0,0,0,0,0,0,1,0,2,0,6,1,0,0,0,0,1,0,1,0,0,0,0,0,1,0,0,9,0,0,0,6,7,1,20,0,0,0,56,2,3,6,2,4,3,0,0,0,9,0,0,0,0,0,0,0,0,0,0,0,6,0,0,7,0,0,0,4,0,48,1,0,0,0,0,2,0,0,0,0,0,0,0,0,213
Cordova Creek,2016-03-02,26.82,0,1,0,1,0,1,1,2,1,1,0,0,0,0,0,0,0,0,0,0,0,7,3,0,11,0,0,0,2,0,0,1,1,4,0,5,2,0,0,0,2,0,0,0,0,0,0,1,4,0,0,0,1,0,0,6,4,5,0,27,1,0,4,28,2,2,4,0,1,2,0,0,0,4,0,0,0,0,0,0,2,0,0,0,0,0,0,1,3,0,0,27,1,1,41,0,0,0,0,0,0,0,0,0,0,1,0,0,0,219
Cordova Creek,2016-03-09,26.82,0,1,0,1,0,0,0,2,0,0,0,0,0,0,0,0,0,1,1,0,0,2,10,0,5,0,0,0,1,0,0,0,0,0,0,2,0,0,0,0,0,0,0,0,0,0,0,0,0,0,0,1,0,1,0,0,0,1,0,0,0,0,10,7,0,0,2,0,1,0,1,0,0,4,1,0,0,0,0,0,0,0,0,0,0,1,0,0,0,0,0,8,0,1,8,0,0,0,0,0,1,0,0,0,0,0,0,1,0,75
Cordova Creek,2016-03-16,26.82,0,0,0,0,0,0,0,0,0,2,0,0,0,0,0,0,0,0,0,0,0,0,0,0,0,0,0,0,1,0,0,0,0,0,0,0,0,0,0,0,0,0,0,0,0,0,0,0,0,0,0,0,0,0,0,0,0,1,0,8,0,0,1,3,0,2,0,0,0,2,1,0,0,16,0,0,0,0,0,0,0,0,0,0,0,0,0,0,0,0,0,1,0,0,14,0,0,0,0,0,0,0,0,0,0,0,0,0,0,52
Cordova Creek,2016-03-23,26.82,1,1,0,1,0,2,1,1,0,1,0,0,0,0,1,0,0,1,1,0,0,1,4,0,1,0,0,0,0,0,0,0,0,4,0,2,1,0,0,0,13,2,0,0,0,0,1,0,8,0,0,0,7,0,0,3,5,4,0,7,3,0,6,21,1,2,3,0,3,3,1,0,1,14,0,0,0,0,0,1,3,0,1,0,1,0,0,0,1,1,0,3,4,0,23,0,0,0,1,0,0,0,0,3,0,0,0,0,0,174
Cordova Creek,2016-03-30,26.82,0,0,0,2,0,0,2,3,2,1,0,0,0,1,0,0,0,3,1,0,0,1,4,1,2,0,0,0,1,0,0,1,0,2,0,8,2,0,0,0,3,1,0,0,0,0,0,0,3,0,0,2,3,2,0,4,1,5,0,5,2,0,5,14,1,4,4,1,6,1,0,0,0,10,3,1,1,4,0,0,2,0,0,0,0,0,0,0,1,0,0,26,0,0,12,0,0,0,0,0,1,0,0,0,0,0,0,0,0,165
Cordova Creek,2016-04-06,26.82,0,2,1,0,0,0,0,3,0,1,0,0,0,0,0,0,0,2,3,0,0,1,7,0,2,0,0,0,0,0,0,0,0,3,0,6,3,0,0,0,0,2,0,0,1,0,0,0,2,0,0,0,0,2,0,0,1,7,0,1,0,0,3,16,0,1,7,0,5,1,1,0,0,4,2,0,1,1,0,0,0,0,0,0,1,3,0,0,1,0,0,7,0,2,11,0,1,0,0,0,1,0,0,0,0,1,0,0,0,120
Cordova Creek,2016-04-13,26.82,0,2,0,1,0,0,0,0,0,0,0,0,0,1,0,0,0,0,1,0,0,1,4,1,1,0,0,0,2,0,0,0,0,0,0,6,3,0,0,0,0,1,0,0,1,0,0,0,0,0,0,0,3,0,0,0,1,7,0,13,1,0,10,35,0,1,4,0,2,0,1,0,0,16,0,0,0,0,0,0,0,0,0,0,0,6,0,0,2,0,0,8,0,2,14,0,0,0,1,0,0,0,0,0,0,1,0,0,0,153
Cordova Creek,2016-04-20,26.82,0,2,0,0,0,1,0,0,0,3,0,0,0,1,0,0,0,0,0,0,0,0,2,0,0,0,0,0,1,0,0,1,0,2,0,0,5,0,0,0,0,3,0,0,0,0,0,0,0,0,0,1,7,0,0,4,2,2,0,4,0,0,9,24,0,3,5,0,2,2,0,0,0,9,0,0,0,0,0,0,0,0,0,0,0,3,0,0,2,0,0,8,0,0,5,0,0,0,0,0,0,0,0,0,0,0,0,0,0,113
Cordova Creek,2016-04-27,26.82,0,3,4,1,1,1,1,5,1,1,0,0,0,1,0,0,0,2,4,0,0,3,4,0,21,1,0,0,2,0,0,0,0,7,2,14,18,0,0,0,0,1,2,0,4,0,2,4,0,0,0,0,14,6,4,5,6,18,0,103,1,1,11,86,1,6,13,0,11,5,4,1,0,24,3,0,0,0,0,0,1,0,0,0,2,4,0,0,18,1,0,27,0,8,64,1,0,0,1,0,6,2,0,0,1,3,0,1,0,573
Cordova Creek,2016-05-04,26.82,0,1,0,0,0,0,0,0,1,2,0,0,0,0,0,0,0,0,1,0,0,1,7,0,7,0,0,0,0,0,0,0,0,2,0,6,5,0,0,0,1,0,0,0,0,0,0,0,4,0,0,0,9,0,0,4,7,7,2,105,2,0,4,28,0,3,12,1,6,0,1,0,0,5,0,0,0,0,0,0,0,0,0,0,0,1,0,0,9,0,0,10,1,0,37,0,0,0,1,0,1,0,0,0,0,0,0,0,0,294
Cordova Creek,2016-05-11,26.82,0,2,0,0,1,1,1,4,1,1,0,0,0,0,0,0,0,2,0,0,0,3,6,0,9,1,0,0,2,0,0,0,1,0,1,4,3,0,0,0,1,2,1,0,2,0,0,0,8,0,0,0,5,0,1,1,6,5,0,83,1,0,7,22,1,6,2,0,8,1,1,0,1,9,0,0,0,0,0,0,1,0,0,0,1,6,0,0,5,0,0,8,1,1,140,1,0,0,0,0,2,1,0,0,0,0,0,0,1,385
Cordova Creek,2016-05-18,26.82,0,2,0,1,0,0,0,2,0,2,0,0,0,0,0,0,0,0,1,2,2,1,3,0,5,0,1,0,3,0,0,0,1,3,1,3,1,0,0,0,0,0,0,0,0,0,0,0,1,0,0,0,8,0,0,4,9,4,0,17,2,0,10,23,1,3,2,0,3,1,1,0,0,12,0,0,0,0,0,0,0,0,0,0,1,7,0,0,9,0,0,13,0,0,72,0,0,0,0,0,3,1,0,0,0,1,0,5,1,248
Cordova Creek,2016-05-25,26.82,0,3,0,0,0,0,0,3,1,0,0,0,0,1,0,0,0,3,0,0,0,2,10,0,5,2,1,0,2,0,0,0,0,1,0,3,1,0,0,0,0,1,0,0,0,0,0,0,1,0,0,0,10,0,1,3,14,8,3,94,3,0,9,43,1,4,13,0,5,3,1,0,0,7,2,0,0,0,0,0,2,0,0,0,0,2,0,0,7,0,0,21,7,2,68,1,0,0,1,0,1,0,0,0,0,4,0,2,0,382
Cordova Creek,2016-06-01,26.82,0,1,0,0,0,0,0,4,0,2,0,0,0,0,0,0,0,0,1,0,1,2,4,0,5,7,1,0,0,0,0,0,0,6,0,3,11,0,0,0,1,0,0,0,0,0,1,0,0,0,0,0,5,1,3,7,5,5,0,19,0,2,4,18,0,5,3,1,3,3,1,0,0,3,0,0,0,0,0,0,0,0,0,0,0,2,0,0,3,0,0,11,1,4,15,0,0,0,1,0,1,1,0,0,0,1,0,0,0,178
Cordova Creek,2016-06-08,26.82,0,1,0,0,0,2,1,3,0,0,0,0,0,0,0,0,0,0,0,0,0,0,1,0,8,1,0,0,1,0,0,0,0,0,0,3,1,0,0,0,0,1,0,0,0,0,0,0,0,0,0,1,4,0,2,4,4,7,2,10,0,0,3,9,0,0,0,1,6,0,0,0,0,0,0,0,0,0,0,0,0,0,0,0,1,1,0,0,2,0,0,7,1,0,7,0,0,0,0,0,2,0,0,0,0,0,0,0,0,97
Cordova Creek,2016-06-15,26.82,0,4,0,0,0,1,1,0,0,1,0,0,0,0,0,0,0,0,2,0,1,1,3,0,2,0,0,0,1,0,0,0,0,1,0,0,1,0,0,0,0,0,0,0,0,0,0,0,1,0,0,0,3,1,0,2,3,4,0,9,0,0,4,15,0,1,0,0,1,2,0,0,0,0,0,0,0,0,0,0,1,0,0,0,0,3,0,0,0,0,0,8,1,0,15,1,0,0,0,0,0,0,0,0,0,1,0,1,0,96
Cordova Creek,2016-06-22,26.82,0,1,0,1,1,0,0,0,0,0,0,0,0,0,0,0,0,0,0,0,0,0,6,0,4,1,0,1,0,0,0,0,1,5,0,0,5,0,0,0,0,0,0,0,0,0,0,0,0,0,0,0,1,1,0,1,2,0,1,0,2,0,3,3,0,3,1,0,1,3,0,0,0,2,0,0,0,0,0,0,0,0,0,0,0,0,0,0,1,0,0,11,1,1,20,0,0,0,1,0,1,0,0,0,0,0,0,0,0,86
Cordova Creek,2016-06-29,26.82,0,1,0,1,0,0,3,2,0,2,0,0,0,0,0,0,0,1,0,0,0,0,7,0,25,0,0,0,2,0,0,0,0,7,0,1,7,0,0,0,0,0,0,0,0,0,0,0,1,0,0,0,6,1,2,8,9,2,0,4,0,0,6,15,0,3,3,0,2,0,1,0,0,3,2,0,1,1,0,0,0,0,0,0,0,0,0,0,4,0,0,12,5,2,14,3,0,0,0,0,1,0,0,0,0,3,0,0,0,173
Cordova Creek,2016-07-06,26.82,0,5,0,0,0,0,0,3,0,2,0,0,0,0,0,0,0,0,3,0,0,2,4,0,3,0,0,0,0,0,0,0,0,1,0,1,2,0,0,0,1,0,0,0,0,0,1,0,1,0,0,1,3,1,0,3,3,3,0,5,1,0,2,8,0,0,2,0,1,2,0,0,1,1,2,0,0,0,0,0,2,0,0,0,0,1,0,0,4,0,0,6,0,2,32,0,0,0,0,0,0,0,0,0,0,0,0,0,0,115
Cordova Creek,2016-07-15,26.82,0,4,0,0,0,1,1,1,1,1,0,0,0,0,0,0,0,0,0,0,0,0,3,1,4,1,0,0,0,0,0,0,0,1,1,1,2,0,0,0,1,0,1,0,0,0,0,0,1,0,0,0,4,0,1,4,3,2,0,14,0,0,4,5,0,1,3,0,0,2,0,0,0,5,0,1,1,1,1,0,0,0,0,0,0,3,2,0,3,0,0,5,0,0,16,1,0,0,0,0,0,0,0,0,0,0,0,0,0,108
Cordova Creek,2016-07-20,26.82,0,7,2,0,0,0,0,0,0,0,0,1,0,0,0,0,0,0,0,0,0,8,7,1,34,2,0,0,0,0,0,0,0,0,2,10,0,0,0,0,1,0,0,0,0,0,1,0,0,0,0,0,0,0,0,0,0,20,1,8,0,0,2,14,0,0,4,0,1,7,0,0,0,4,0,0,0,0,0,1,0,0,0,0,0,1,0,0,0,0,0,5,0,1,6,0,0,0,0,0,0,0,0,1,0,4,0,0,0,156
Cordova Creek,2016-07-27,26.82,0,4,0,0,0,1,0,5,1,1,0,1,0,0,3,0,0,0,14,0,0,1,3,0,7,0,0,0,2,0,0,2,1,0,1,0,0,0,0,1,6,2,0,0,4,0,16,4,4,0,0,0,5,2,1,0,5,1,0,4,0,0,4,7,0,2,2,6,1,1,0,0,0,1,4,0,0,0,0,0,2,0,0,0,0,0,20,0,0,7,0,15,5,9,0,0,0,0,0,0,0,1,0,0,4,0,0,0,0,193
Cordova Creek,2016-08-03,26.82,0,0,0,0,1,1,0,0,0,0,0,0,0,0,1,0,0,2,1,0,0,0,1,0,5,0,0,0,1,0,0,0,0,3,1,2,4,0,0,0,1,1,0,0,0,0,8,2,13,0,0,0,3,1,0,1,1,1,1,2,0,0,1,0,0,1,1,0,0,1,0,0,1,2,1,0,0,0,0,0,1,0,0,0,1,2,0,0,1,0,0,3,0,0,6,0,0,0,2,0,2,0,0,0,1,0,0,0,0,85
Cordova Creek,2016-08-10,26.82,0,0,0,0,0,0,0,1,0,0,0,0,0,0,0,0,0,1,1,0,0,0,0,1,3,0,0,0,0,0,0,0,0,1,0,3,1,0,0,0,0,0,0,0,0,0,0,0,2,0,0,1,1,0,0,0,3,2,0,2,0,1,0,1,0,0,1,0,0,0,0,0,0,1,1,0,0,0,0,0,0,0,0,0,0,0,0,0,3,0,0,6,0,1,1,0,0,0,2,0,0,0,0,0,0,0,0,0,0,41
Cordova Creek,2016-08-17,26.82,0,0,0,0,0,0,0,0,1,1,0,0,0,1,0,0,0,0,0,0,0,0,0,0,2,0,0,0,0,0,0,0,0,2,0,1,2,0,0,0,0,0,0,0,0,0,0,0,2,0,0,0,2,1,1,3,1,0,0,0,1,0,0,3,0,2,0,0,1,0,0,0,0,0,0,0,0,0,0,0,0,0,0,0,0,0,0,0,1,0,0,3,0,1,0,0,0,0,0,0,0,0,0,0,0,0,0,1,0,33
Cordova Creek,2016-08-24,26.82,0,2,0,1,1,1,0,0,0,0,0,0,0,0,0,0,0,0,0,0,0,1,2,0,0,0,0,0,1,0,0,0,0,3,0,0,3,0,0,0,0,0,0,0,0,0,0,0,0,0,0,0,3,0,0,1,3,1,0,2,0,0,0,2,0,1,1,0,0,0,0,0,0,1,0,0,0,0,0,0,0,0,0,0,0,1,0,0,3,1,0,0,0,2,0,0,0,0,0,0,0,0,2,0,0,0,0,0,0,39
Cordova Creek,2016-11-09,26.82,1,10,2,4,0,0,2,4,2,2,0,1,0,1,1,0,0,3,2,0,1,2,12,0,19,5,0,0,0,0,1,0,0,5,2,3,5,0,0,0,3,2,1,0,2,0,2,4,2,0,0,0,11,2,1,2,12,11,0,15,1,0,13,64,1,3,14,0,8,7,2,0,1,22,3,2,0,1,0,0,4,0,0,0,3,12,11,0,8,1,1,7,2,5,21,0,0,0,1,1,2,1,0,1,1,1,0,0,0,385
Cordova Creek,2016-11-16,26.82,0,3,1,3,1,0,0,0,1,2,0,2,0,2,0,0,0,0,0,0,0,1,3,0,4,1,0,0,1,0,0,1,1,2,1,1,2,0,0,0,3,0,0,0,0,0,0,0,0,0,0,0,13,0,1,1,13,5,0,14,1,0,2,12,0,1,2,1,5,1,0,0,0,3,0,0,0,0,0,0,5,0,0,0,1,1,0,0,14,0,0,8,2,0,30,0,0,0,0,0,0,0,0,6,1,0,0,0,0,179
Cordova Creek,2016-11-23,26.82,0,3,0,2,0,0,2,2,1,0,7,2,4,1,1,0,1,4,7,0,0,0,2,0,6,0,0,0,10,0,0,2,1,1,0,1,5,0,0,1,8,0,0,0,2,0,9,1,10,0,0,0,2,3,0,5,3,12,1,17,2,1,9,46,0,3,4,7,0,3,2,0,0,7,14,2,0,1,0,0,4,1,0,0,0,5,2,0,4,0,1,14,1,4,13,7,0,0,0,0,3,0,0,1,1,1,0,0,1,303
Cordova Creek,2016-11-30,26.82,0,1,0,2,3,0,0,2,0,1,0,1,0,2,0,0,0,0,3,0,0,1,4,0,7,0,0,0,6,2,0,0,0,2,0,8,3,0,0,0,0,1,0,0,0,0,1,0,7,0,0,0,4,1,1,3,5,10,0,13,0,0,3,43,0,2,6,2,5,3,1,0,0,6,0,1,0,0,0,0,2,0,0,0,0,2,0,0,3,1,0,5,1,6,6,0,0,0,8,0,1,0,0,4,1,1,0,0,0,207
Cordova Creek,2016-12-07,26.82,0,0,0,0,0,0,0,1,1,1,0,0,0,0,0,0,0,2,1,0,1,0,2,0,2,1,0,0,10,0,0,0,0,0,0,2,3,0,0,0,3,0,0,0,1,0,0,0,4,0,1,0,1,0,0,0,0,10,0,6,0,0,1,23,0,1,3,1,2,3,0,0,0,2,2,1,0,0,0,0,4,0,0,0,1,2,0,0,4,0,0,3,1,0,7,0,0,0,1,0,0,0,0,3,0,1,0,0,0,119
Cordova Creek,2016-12-14,26.82,0,3,0,1,0,1,0,0,0,1,0,0,0,0,0,0,0,0,2,0,1,0,3,0,8,0,0,0,14,0,0,0,0,0,1,4,1,0,0,0,9,1,0,0,0,0,0,0,0,0,0,0,0,1,0,1,0,5,0,6,0,0,4,19,0,0,1,2,5,4,1,0,0,3,2,0,0,0,0,0,9,0,0,0,0,1,3,0,0,0,0,4,0,0,14,0,0,0,1,0,0,0,0,2,0,1,0,0,0,139
Cordova Creek,2016-12-21,26.82,0,0,0,0,1,0,0,0,0,2,0,0,0,0,0,0,0,0,1,0,0,0,1,0,0,0,0,0,10,0,0,0,0,1,0,0,1,0,0,0,0,1,0,0,1,0,2,0,1,0,0,0,4,0,0,4,5,1,1,1,0,0,2,2,0,0,0,0,1,0,0,0,0,2,1,0,0,0,0,0,4,0,0,0,1,0,0,1,3,0,0,2,0,0,14,0,0,0,0,0,0,0,0,0,0,0,0,0,0,71
Cordova Creek,2017-01-04,26.82,0,3,0,1,1,0,0,0,1,2,1,0,0,0,0,0,0,2,4,0,0,1,2,0,2,0,2,0,12,0,0,2,0,0,0,1,6,0,0,0,5,0,0,0,2,0,0,6,2,0,0,1,6,0,0,1,5,8,0,16,4,0,17,19,0,0,3,0,2,4,0,0,1,4,2,0,0,2,0,0,4,0,0,0,1,4,0,0,11,0,0,2,1,3,41,0,0,0,0,0,1,0,0,2,0,3,0,0,0,226
Cordova Creek,2017-01-11,26.82,0,0,0,1,0,0,0,7,0,0,0,0,0,0,0,0,0,0,0,0,0,0,1,0,3,0,0,0,3,0,0,1,0,2,0,0,2,0,0,0,1,0,0,0,0,0,0,0,0,0,0,0,3,1,0,4,2,3,0,14,2,0,0,5,0,1,1,0,2,1,0,0,0,0,0,0,0,0,1,0,0,0,0,0,0,0,0,0,3,0,0,8,0,0,28,0,0,0,0,0,0,0,0,2,0,0,0,0,0,102
Cordova Creek,2017-01-18,26.82,0,0,0,0,0,0,0,1,0,0,0,0,0,0,0,0,0,0,1,0,0,0,1,0,2,0,1,0,3,0,0,0,0,0,0,1,2,0,0,0,2,0,0,0,0,0,0,0,0,0,0,0,1,0,0,2,1,1,3,5,3,0,0,11,0,4,0,0,1,2,0,0,0,0,0,0,0,0,0,0,0,0,0,1,0,0,0,0,0,1,0,7,0,0,71,0,0,0,1,0,0,0,0,1,0,0,0,0,0,130
Cordova Creek,2017-01-25,26.82,0,4,1,1,0,0,0,0,0,0,0,1,0,2,1,0,0,3,5,0,0,1,5,0,6,0,0,0,2,0,0,1,0,12,0,8,9,0,0,0,0,0,0,0,0,0,2,1,5,0,0,0,4,0,1,5,8,4,0,8,3,1,6,19,0,0,2,1,5,2,1,0,1,6,2,0,0,0,0,0,1,0,0,0,0,3,2,0,10,0,0,29,0,0,53,0,0,0,2,0,3,9,1,1,0,0,0,0,0,263
Cordova Creek,2017-02-01,26.82,0,2,0,2,1,0,0,4,0,1,0,0,0,1,0,0,0,0,5,0,0,1,3,1,4,1,0,0,1,0,0,0,0,4,0,3,9,0,0,0,2,3,0,0,2,0,2,1,3,0,0,1,3,2,1,1,5,1,0,7,3,0,6,47,0,1,5,0,4,3,3,0,1,17,3,1,0,0,0,0,3,0,0,0,0,3,0,0,3,2,0,9,2,1,9,0,0,0,2,0,1,0,0,2,0,2,0,0,0,210
Cordova Creek,2017-02-08,26.82,0,1,2,0,0,0,1,0,0,2,0,0,0,0,0,0,0,0,1,0,0,2,3,0,4,0,0,0,0,0,0,0,0,0,0,2,1,0,0,0,0,0,0,0,0,0,0,0,3,0,0,0,3,0,0,9,3,11,2,52,2,0,1,15,0,6,1,0,16,2,0,0,0,0,0,0,0,0,0,0,0,0,0,0,0,0,0,0,3,0,0,31,0,0,54,4,0,0,0,0,0,0,0,0,0,1,0,0,0,238
Cordova Creek,2017-02-15,26.82,0,1,1,3,1,0,0,0,1,0,0,2,0,0,0,0,0,0,2,0,0,2,4,0,3,1,0,0,4,0,0,0,0,1,0,0,4,0,0,0,2,0,1,0,0,0,1,0,3,0,1,0,1,2,0,6,3,5,0,11,0,0,1,16,1,0,3,1,7,0,1,0,1,2,0,0,0,0,0,0,0,0,0,1,0,1,0,0,1,1,0,12,1,0,32,1,0,0,0,0,0,0,0,0,0,1,0,1,1,152
Cordova Creek,2017-02-22,26.82,0,3,1,1,0,0,1,0,0,3,0,0,0,0,0,0,0,0,0,0,0,1,2,0,3,1,0,0,2,0,0,0,0,0,0,1,2,0,0,0,2,1,0,0,0,0,0,0,2,0,0,0,2,0,0,2,3,6,2,13,0,0,0,14,0,12,3,0,4,3,0,0,0,6,0,0,0,0,0,0,1,0,0,0,0,1,0,0,4,0,0,13,0,1,47,0,0,0,1,0,1,0,0,0,0,0,0,0,0,165
Cordova Creek,2017-03-01,26.82,0,0,0,0,0,0,0,0,0,1,0,0,0,0,0,0,0,0,4,0,0,0,0,0,2,0,0,0,3,0,0,0,0,0,0,0,1,0,0,0,0,0,0,0,0,0,2,1,4,0,0,0,0,0,0,1,0,0,0,7,1,0,1,9,0,1,0,1,1,1,0,0,1,2,1,0,1,0,0,0,2,0,0,0,0,1,0,0,1,0,0,10,0,0,9,0,0,0,0,0,0,0,0,0,0,0,0,0,0,69
Cordova Creek,2017-03-15,26.82,0,18,1,1,0,1,0,2,1,1,0,1,0,0,1,0,0,0,8,0,0,2,5,0,20,6,0,0,6,0,0,0,0,4,0,11,3,0,1,0,3,0,0,0,1,0,4,0,2,1,0,0,6,2,0,5,5,10,0,5,0,0,5,38,0,6,3,1,0,3,4,0,1,13,11,0,0,0,0,0,3,1,0,0,1,6,0,0,4,0,0,5,1,4,7,1,6,0,0,0,2,0,0,1,1,4,0,1,0,270
Cordova Creek,2017-04-19,26.82,0,0,1,0,0,0,0,0,1,1,0,0,0,0,1,0,0,0,1,0,0,0,2,0,3,0,1,0,0,0,0,0,0,1,0,1,3,0,0,0,0,0,0,0,0,0,5,0,3,0,0,0,5,2,1,0,4,1,0,11,0,0,0,6,1,3,1,1,3,0,0,1,0,1,0,0,0,0,0,0,3,0,0,0,2,2,1,0,6,0,0,3,1,0,24,0,0,0,0,0,0,0,0,0,1,2,0,0,1,111
Cordova Creek II,2017-05-15,26,0,3,1,1,1,0,0,0,2,2,0,0,0,0,0,0,2,0,0,0,1,0,1,0,3,0,0,0,1,0,0,0,0,1,0,0,1,0,0,0,0,1,0,0,0,0,2,0,1,0,0,0,4,0,0,0,5,1,0,1,1,0,1,4,0,1,1,0,0,1,0,0,0,1,1,0,0,0,0,0,0,0,0,0,0,1,0,0,4,0,0,3,1,0,7,0,0,0,1,0,0,0,0,0,0,0,0,1,0,64